{
    "accuracy": 0.935,
    "precision": 0.942,
    "recall": 0.918,
    "f1_score": 0.9299,
    "roc_auc": 0.9812,
    "confusion_matrix": [
        [
            7298,
            368
        ],
        [
            421,
            4712
        ]
    ],
    "true_negatives": 7298,
    "false_positives": 368,
    "false_negatives": 421,
    "true_positives": 4712,
    "classification_report": {
        "0": {
            "precision": 0.952,
            "recall": 0.952,
            "f1-score": 0.952,
            "support": 7666
        },
        "1": {
            "precision": 0.942,
            "recall": 0.918,
            "f1-score": 0.9299,
            "support": 5133
        },
        "accuracy": 0.935,
        "macro avg": {
            "precision": 0.947,
            "recall": 0.935,
            "f1-score": 0.941,
            "support": 12799
        },
        "weighted avg": {
            "precision": 0.9475,
            "recall": 0.935,
            "f1-score": 0.9411,
            "support": 12799
        }
    },
    "feature_importance": [
        0.015335392165434203,
        0.01194473130878255,
        0.10916162782492628,
        0.0013115679752495714,
        0.000583148681026657,
        0.0002476711979707661,
        0.0,
        0.02692961991868599,
        0.24042796376040468,
        0.16240277963202332,
        0.20364581939540244,
        0.05543728526547681,
        0.005132889196526712,
        0.0,
        0.15398837512339922,
        0.0036208297804993343,
        6.971817448218586e-05,
        4.139808679327491e-05,
        0.00021401224096294886,
        0.0023126278546265057,
        6.059439157549226e-05,
        0.0007677097580178023,
        7.569278060436932e-06,
        0.00019523598060325234,
        0.0,
        7.859423428592215e-05,
        0.00012557000216062767,
        0.00046724243869959367,
        1.3752746487264299e-05,
        0.00014841380067506714,
        0.00042447747606680797,
        0.00024312618110276934,
        2.9404880715844384e-06,
        6.136213756947176e-05,
        7.772075985773378e-06,
        9.78686206052909e-05,
        0.0008333016502626507,
        0.0016843590613242704,
        0.0003967780226072951,
        0.001078600809134849,
        3.0487801947576787e-05,
        0.00017588737504853534,
        0.0001487283335570008,
        2.322267169798593e-05,
        0.00010450801607328242,
        0.0,
        1.4439065706081516e-05,
        0.0
    ]
}